X,Y,Name,description,ADDRESSBLOCKHOUSENUMBER,LATITUDE,EST_ORIGINAL_COMPLETION_DATE,STATUS,CLEANINGSTARTDATE,ADDRESSUNITNUMBER,ADDRESSFLOORNUMBER,NO_OF_FOOD_STALLS,HYPERLINK,REGION,APPROXIMATE_GFA,LONGITUDE,INFO_ON_CO_LOCATORS,NO_OF_MARKET_STALLS,AWARDED_DATE,LANDYADDRESSPOINT,CLEANINGENDDATE,PHOTOURL,ADDRESSTYPE,RNR_STATUS,ADDRESSBUILDINGNAME,HUP_COMPLETION_DATE,LANDXADDRESSPOINT,ADDRESSSTREETNAME,ADDRESSPOSTALCODE,DESCRIPTION_MYENV,IMPLEMENTATION_DATE,ADDRESS_MYENV,INC_CRC,FMEL_UPD_D
103.9387326,1.331987069,Bedok North Street 4 Blk 85 (85 Fengshan Centre),HUP Standard Upgrading,85,,30/6/1977,Existing,,,,,,,,,,,,34910.13,,http://www.nea.gov.sg/images/default-source/Hawker-Centres-Division/resize_1267853253145.jpg,I,,,20/12/2012,39731.49,Bedok North Street 4,460085,,,"Blk 85, Bedok North Street 4, Singapore 460085",CFC780A1B5DC7721,2.02103E+13
103.8183389,1.287330767,Redhill Lane Blk 85 (Redhill Food Centre),HUP Reconfiguration,85,,4/4/1972,Existing,,,,,,,,,,,,29972.02,,http://www.nea.gov.sg/images/default-source/Hawker-Centres-Division/resize_1262153717849.jpg,I,,,17/6/2005,26332.89,Redhill Lane,150085,,,"Blk 85, Redhill Lane, Singapore 150085",1D515CA502CE0A60,2.02103E+13
103.8289942,1.37238494,Sembawang Hills Food Centre (Jalan Leban Food Centre),HUP Standard Upgrading,590,,1974,Existing,,,,,,,884.38,,,,,39376.87,,http://www.nea.gov.sg/images/default-source/Hawker-Centres-Division/resize_1262155861677.jpg,I,,,26/2/2003,27518.75,Upper Thomson Road,574419,,,"590, Upper Thomson Road, Singapore 574419",6CC207917DD43B91,2.02103E+13
103.8667375,1.36315712,Serangoon Garden Market,HUP Rebuilding,49A,,1957,Existing,,,,,,,2448.2,,,,,38356.53,,http://www.nea.gov.sg/images/default-source/Hawker-Centres-Division/resize_1262156095817.jpg,I,,,26/9/2002,31719.13,Serangoon Garden Way,555945,,,"49A, Serangoon Garden Way, Singapore 555945",F3EA4B58784B2F78,2.02103E+13
103.8370318,1.352007442,Shunfu Road Blk 320 (Shunfu Mart),Not eligible for HUP,320,,25/5/2000,Existing,,,,,,,,,,,,37123.63,,http://www.nea.gov.sg/images/default-source/Hawker-Centres-Division/resize_1259901832200.jpg,I,,,,28413.24,Shunfu Road,570320,,,"Blk 320, Shunfu Road, Singapore 570320",93EF4005DC826C1A,2.02103E+13
103.879417,1.317083351,Sims Place Blk 49 (Sims Vista Market and Food Centre),HUP Reconfiguration,49,,20/9/1976,Existing,,,,,,,,,,,,33261.95,,http://www.nea.gov.sg/images/default-source/Hawker-Centres-Division/resize_1262153128123.jpg,I,,,15/11/2006,33130.31,Sims Place,380049,,,"Blk 49, Sims Place, Singapore 380049",87604B5AB1B25468,2.02103E+13
103.8431776,1.282235148,Smith Street Blk 335 (Chinatown Complex Market),HUP Reconfiguration,335,,31/5/1983,Existing,,,,,,,,,,,,29408.57,,http://www.nea.gov.sg/images/default-source/Hawker-Centres-Division/resize_1265168178798.jpg,I,,,30/4/2008,29097.23,Smith Street,50335,,,"Blk 335, Smith Street, Singapore 050335",B4A7F7D00E4690FF,2.02103E+13
103.7215199,1.33458936,Taman Jurong Market and Food Centre,HUP Rebuilding,3,,23/3/2005,Existing,,,,,,,7770.3,,,,,35197.91,,http://www.nea.gov.sg/images/default-source/Hawker-Centres-Division/resize_1262156147897.jpg,I,,,23/3/2005,15557.97,Yung Sheng Road,618499,,,"3, Yung Sheng Road, Singapore 618499",45EB3EEB56AAB21F,2.02103E+13
103.9446245,1.345639521,Tampines Street 11 Blk 137 (Tampines Round Market and Food Centre),HUP Reconfiguration,137,,30/11/1982,Existing,,,,,,,,,,,,36419.78,,http://www.nea.gov.sg/images/default-source/Hawker-Centres-Division/resize_1262154543785.jpg,I,,,8/1/2006,40387.13,Tampines Street 11,521137,,,"Blk 137, Tampines Street 11, Singapore 521137",F6017D5F1F34E420,2.02103E+13
103.7976258,1.300789315,Tanglin Halt Market,HUP Standard Upgrading,48A,,1964,Existing,,,,,,,2030.92,,,,,31460.22,,http://www.nea.gov.sg/images/default-source/Hawker-Centres-Division/resize_1262156211794.jpg,I,,,1/10/2003,24027.71,Tanglin Halt Road,148813,,,"48A, Tanglin Halt Road, Singapore 148813",74052054BAD38DD9,2.02103E+13
103.843167,1.276614611,Tanjong Pagar Plaza Blk 6 (Blk 6 Tanjong Pagar Plaza Market and Food Centre),HUP Standard Upgrading,6,,18/4/1977,Existing,,,,,,,,,,,,28787.08,,http://www.nea.gov.sg/images/default-source/Hawker-Centres-Division/blk-6-tanjong-pagar-plaza.jpg,I,,,27/12/2013,29096.05,Tanjong Pagar Plaza,81006,,,"Blk 6, Tanjong Pagar Plaza, Singapore 081006",90C2DF39720A2465,2.02103E+13
103.7428916,1.32084835,Teban Gardens Road Blk 37A (Teban Gardens Market and Food Centre),HUP Rebuilding,37A,,1/11/1976,Existing,,,,,,,,,,,,33678.4,,http://www.nea.gov.sg/images/default-source/Hawker-Centres-Division/resize_1262153022672.jpg,I,,,3/1/2008,17936.37,Teban Gardens Road,601037,,,"Blk 37A, Teban Garden Road, Singapore 601037",D50987C71DBF2D4C,2.02103E+13
103.8186417,1.277366838,Telok Blangah Crescent Blk 11 (11 Telok Blangah Crescent Market and Food Centre),HUP Standard Upgrading,11,,19/10/1974,Existing,,,,,,,,,,,,28870.26,,http://www.nea.gov.sg/images/default-source/Hawker-Centres-Division/resize_1267876741836.gif,I,,,15/1/2010,26366.58,Telok Blangah Crescent,90011,,,"Blk 11, Telok Blangah Crescent, Singapore 090011",917DDC2AA52EDFBD,2.02103E+13
103.8076268,1.273368283,Telok Blangah Drive Blk 79 (Telok Blangah Food Centre),HUP Standard Upgrading,79,,30/5/1977,Existing,,,,,,,,,,,,28428.13,,http://www.nea.gov.sg/images/default-source/Hawker-Centres-Division/resize_1262153497855.jpg,I,,,20/8/2005,25140.71,Telok Blangah Drive,100079,,,"Blk 79, Telok Blangah Drive, Singapore 100079",47E27FD755A278B1,2.02103E+13
103.8079436,1.273913799,Telok Blangah Drive Blk 82 (Telok Blangah Market),HUP Standard Upgrading,82,,30/5/1977,Existing,,,,,,,,,,,,28488.45,,http://www.nea.gov.sg/images/default-source/Hawker-Centres-Division/resize_1262153608307.jpg,I,,,29/11/2011,25175.96,Telok Blangah Drive,100082,,,"Blk 82, Telok Blangah Drive, Singapore 100082",1EB09A2246D74491,2.02103E+13
103.8221173,1.272715797,Telok Blangah Rise Blk 36 (Telok Blangah Rise Market),HUP Standard Upgrading,36,,29/10/1975,Existing,,,,,,,,,,,,28355.97,,http://www.nea.gov.sg/images/default-source/Hawker-Centres-Division/resize_1267858653663.jpg,I,,,20/10/2010,26753.38,Telok Blangah Rise,90036,,,"Blk 36, Telok Blangah Rise, Singapore 090036",336A650EB617CFD9,2.02103E+13
103.8323488,1.285088258,Tiong Bahru Market,HUP Rebuilding,30,,,Existing,,,,,,,10630.72,,,,,29724.05,,http://www.nea.gov.sg/images/default-source/Hawker-Centres-Division/resize_1262156378375.jpg,I,,,10/2/2006,27892.07,Seng Poh Road,168898,,,"30, Seng Poh Road, Singapore 168898",0FAB58D04F39DCE2,2.02103E+13
103.8447316,1.338092686,Toa Payoh Lorong 1 Blk 127 (Toa Payoh West Market and Food Court),HUP Reconfiguration,127,,11/3/1969,Existing,,,,,,,,,,,,35585.01,,http://www.nea.gov.sg/images/default-source/Hawker-Centres-Division/resize_1262154499803.jpg,I,,,11/12/2003,29270.15,Lorong 1 Toa Payoh,310127,,,"Blk 127, Lorong 1 Toa Payoh, Singapore 310127",ED2DB7B7F7FA9EDB,2.02103E+13
103.8519991,1.334548165,Toa Payoh Lorong 4 Blk 74 (Toa Payoh Vista Market),HUP Reconfiguration,74,,9/9/1968,Existing,,,,,,,,,,,,35193.08,,http://www.nea.gov.sg/images/default-source/Hawker-Centres-Division/resize_1262226848493.jpg,I,,,1/11/2004,30078.95,Lorong 4 Toa Payoh,310074,,,"Blk 74, Lorong 4 Toa Payoh, Singapore 310074",0F387A4AD9309826,2.02103E+13
103.8495135,1.338474752,Toa Payoh Lorong 4 Blk 93,HUP Standard Upgrading,93,,19/7/1967,Existing,,,,,,,,,,,,35627.26,,http://www.nea.gov.sg/images/default-source/Hawker-Centres-Division/resize_1262154305312.jpg,I,,,20/7/2009,29802.32,Lorong 4 Toa Payoh,310093,,,"Blk 93, Lorong 4 Toa Payoh, Singapore 310093",8ED7D81782E22725,2.02103E+13
103.8529416,1.336038822,Toa Payoh Lorong 5 Blk 75,HUP Standard Upgrading,75,,5/2/1968,Existing,,,,,,,,,,,,35357.91,,http://www.nea.gov.sg/images/default-source/Hawker-Centres-Division/resize_1267878144152.jpg,I,,,21/11/2012,30183.83,Lorong 5 Toa Payoh,310075,,,"Blk 75, Lorong 5 Toa Payoh, Singapore 310075",83FB95F62E5F0D57,2.02103E+13
103.857036,1.335231459,Toa Payoh Lorong 7 Blk 22 (Kim Keat Palm Market and Food Centre),HUP Reconfiguration,22,,2/3/1970,Existing,,,,,,,,,,,,35268.64,,http://www.nea.gov.sg/images/default-source/Hawker-Centres-Division/resize_1265168256123.jpg,I,,,16/7/2004,30639.5,Lorong 7 Toa Payoh,310022,,,"Blk 22, Lorong 7 Toa Payoh, Singapore 310022",E43A2111F5B01E10,2.02103E+13
103.8543953,1.340260835,Toa Payoh Lorong 8 Blk 210,HUP Standard Upgrading,210,,27/8/1974,Existing,,,,,,,,,,,,35824.76,,http://www.nea.gov.sg/images/default-source/Hawker-Centres-Division/resize_1267876959422.jpg,I,,,30/9/2011,30345.61,Lorong 8 Toa Payoh,310210,,,"Blk 210, Lorong 8 Toa Payoh, Singapore 310210",AD6CE850AB875900,2.02103E+13
103.8716203,1.315028044,Upper Boon Keng Road Blk 17 (Blk 17 Upper Boon Keng Market and Food Centre),HUP Standard Upgrading,17,,28/2/1974,Existing,,,,,,,,,,,,33034.67,,http://www.nea.gov.sg/images/default-source/Hawker-Centres-Division/resize_1262226056435.jpg,I,,,13/1/2009,32262.61,Upper Boon Keng Road,380017,,,"Blk 17, Upper Boon Keng Road, Singapore 380017",5A26A7AC10A29773,2.02103E+13
103.8458189,1.2852464,Upper Cross Street Blk 531A (Hong Lim Food Centre and Market),HUP Reconfiguration,531A,,28/1/1978,Existing,,,,,,,,,,,,29741.54,,http://www.nea.gov.sg/images/default-source/Hawker-Centres-Division/resize_1267878882405.jpg,,,,9/3/2011,29391.18,Upper Cross Street,51531,,,"Blk 531A, Upper Cross Street, Singapore 051531",A6069393A97212DA,2.02103E+13
103.7591661,1.311889721,West Coast Drive Blk 502 (Ayer Rajah Market),Not eligible for HUP,502,,19/1/1995,Existing,,,,,,,,,,,,32687.74,,http://www.nea.gov.sg/images/default-source/Hawker-Centres-Division/resize_1265168297394.jpg,I,,,,19747.53,West Coast Drive,120502,,,"Blk 502, West Coast Drive, Singapore 120502",2DBB0A9F6454B21E,2.02103E+13
103.7597513,1.31180301,West Coast Drive Blk 503 (Ayer Rajah Food Centre),HUP Standard Upgrading,503,,26/3/1979,Existing,,,,,,,,,,,,32678.15,,http://www.nea.gov.sg/images/default-source/Hawker-Centres-Division/resize_1265168322420.jpg,I,,,15/12/2002,19812.66,West Coast Drive,120503,,,"Blk 503, West Coast Drive, Singapore 120503",7A279834C9D8C00D,2.02103E+13
103.8551377,1.322943062,Whampoa Drive Blk 90 (Whampoa Drive Makan Place/Whampoa Food Centre),HUP Standard Upgrading,90,,26/8/1976,Existing,,,,,,,,,,,,33909.85,,http://www.nea.gov.sg/images/default-source/Hawker-Centres-Division/resize_1262154207158.jpg,I,,,25/10/2007,30428.25,Whampoa Drive,320090,,,"Blk 90, Whampoa Drive, Singapore 320090",16F08FA0DF20828F,2.02103E+13
103.8540681,1.323421751,Whampoa Drive Blk 91/92 (Whampoa Drive Makan Place/Whampoa Market),HUP Standard Upgrading,91/92,,3/1/1973,Existing,,,,,,,,,,,,33962.78,,http://www.nea.gov.sg/images/default-source/Hawker-Centres-Division/resize_1262154257763.jpg,I,,,25/10/2007,30309.21,Whampoa Drive,320091,,,"Blk 91/92, Whampoa Drive, Singapore 320091/320092",38A4F531009B6C26,2.02103E+13
103.8447476,1.425017638,Yishun Park Hawker Centre,New Centre,51,,3/7/2017,Existing (new),,,,,,,3364,,,,23/10/2015,45196.73,,http://www.nea.gov.sg/images/default-source/Hawker-Centres-Division/yishun-hawker-centre.jpg,,,Yishun Park Hawker Centre,,29271.88,Yishun Avenue 11,768867,,25/11/2015,"Blk 51, Yishun Avenue 11, Singapore 768867",2676B659B081726B,2.02103E+13
103.8285376,1.431447688,Yishun Ring Road Blk 104/105 (Chong Pang Market and Food Centre),HUP Standard Upgrading,104/105,,31/3/1984,Existing,,,,,,,,,,,,45907.73,,http://www.nea.gov.sg/images/default-source/Hawker-Centres-Division/resize_1267438077554.jpg,I,,,4/8/2003,27467.95,Yishun Ring Road,760104,,,"Blk 104/105, Yishun Ring Road, Singapore 760104/760105",A75CB1D53B86E438,2.02103E+13
103.8311893,1.292342168,Zion Riverside Food Centre,HUP Standard Upgrading,70,,1976,Existing,,,,,,,1421.31,,,,,30526.15,,http://www.nea.gov.sg/images/default-source/Hawker-Centres-Division/resize_1267879560483.jpg,I,,,5/3/2003,27763.03,Zion Road,247792,,,"70, Zion Road, Singapore 247792",41709ABECAA2B3FE,2.02103E+13
103.8047152,1.297485671,Margaret Drive Hawker Centre,New Replacement Centre,38A,,2021,Under Construction,#N/A,,,,,,,,hawker centre/branch office/supermarket/shops/flats,,11/5/2015,31094.91,#N/A,,,#N/A,,,24816.7,Margaret Drive,142038,,2/12/2015,,C80F896924AB4FE9,2.02103E+13
103.8720902,1.339796136,Woodleigh Village Hawker Centre,New Centre,202C,,2022,Under Construction,#N/A,,,,,,,,hawker centre/flats/bus interchange,,30/6/2017,35773.4,#N/A,,,#N/A,Woodleigh Village,,32314.87,Woodleigh Link,363202,,21/7/2017,,7729E118EB5F6F4B,2.02103E+13
103.8884896,1.396914176,Anchorvale Village Hawker Centre,New Centre,339,,2022,Under Construction,#N/A,,,,,,,,hawker centre/supermarket/shops/flats,,27/4/2018,42089.26,#N/A,,,#N/A,Anchorvale Village,,34139.8,Anchorvale Road,,,28/5/2018,,F50A43DB63480EAC,2.02103E+13
103.8770605,1.391592327,Fernvale Hawker Centre & Market,New Centre,21,,2021,Under Construction,#N/A,,,,,,,,hawker centre/community club,,30/7/2018,41500.77,#N/A,,,#N/A,Fernvale Hub,,32867.9,Sengkang West Avenue,797650,,13/8/2018,,E3AB7D1730F180F6,2.02103E+13
103.9048057,1.408189969,Punggol Town Hub Hawker Centre,New Centre,,,2022,Under Construction,#N/A,,,,,,,,hawker centre/Regional Library/Senior Care Centre/Branch Office/Child Development Centre/Blood Collection Centre/Kidney Dialysis Centre/Childcare Centre,,8/8/2018,43336.13,#N/A,,,#N/A,Punggol Town Hub,,35955.52,,,,29/8/2018,,4780858D55778C5B,2.02103E+13
103.9082528,1.414566886,Punggol Digital District Hawker Centre,New Centre,,,2024,Under Construction,#N/A,,,,,,,,hawker centre/community club/bus interchange/childcare centre/JTC industrial units,,8/8/2019,44041.27,#N/A,,,#N/A,,,36339.12,Ponggol Seventeenth Avenue,,,21/8/2019,,9EA0132C23FB47D4,2.02103E+13
103.7612629,1.387122263,Senja Hawker Centre,New Centre,,,2021,Under Construction,#N/A,,,,,,,,,,11/12/2018,41006.57,#N/A,,,#N/A,,,19981.13,Senja Road,,,1/3/2019,,90C65760DFF1739F,2.02103E+13
103.7418258,1.355214571,Bukit Batok Hawker Centre,New Centre,,,2024,Under Construction,#N/A,,,,,,,,hawker centre/flats,,31/12/2020,37478.45,#N/A,,,#N/A,,,17817.9,Bukit Batok West Avenue 6,,,21/1/2021,,E3C2D628D3F2486F,2.02103E+13
103.8501646,1.28442485,Market Street Hawker Centre,New Replacement Centre,50,,2021,Under Construction,#N/A,,,,,,,,hawker centre/commercial space,,17/7/2017,29650.7,#N/A,,,#N/A,CapitaSpring,,29874.82,Market Street,48940,,1/8/2017,,DB83871DCC26698E,2.0201E+13
103.8924032,1.382387558,Buangkok Hawker Centre,New Centre,,,2022,Under Construction,#N/A,,,,,,,,hawker centre/community club/bus interchange/private residential and commercial units,,18/9/2019,40482.99,#N/A,,,#N/A,Sengkang Grand,,34575.37,Sengkang Central,,,29/10/2019,,0FFF4B5281FBBC71,2.0201E+13
103.9140539,1.333159248,Bedok Reservoir Road Blk 630,HUP Rebuilding,630,,30/6/1982,Existing,,,,,,,,,,,,35039.64,,http://www.nea.gov.sg/images/default-source/Hawker-Centres-Division/resize_1262155176127.jpg,I,,,28/2/2006,36985,Bedok Reservoir Road,470630,,,"Blk 630, Bedok Reservoir Road, Singapore 470630",BBA7FF2B2C2C130F,2.02103E+13
103.9355391,1.320552165,Bedok South Road Blk 16,HUP Standard Upgrading,16,,12/5/1975,Existing,,,,,,,,,,,,33645.7,,http://www.nea.gov.sg/images/default-source/Hawker-Centres-Division/resize_1267853021378.jpg,I,,,20/9/2012,39376.14,Bedok South Road,460016,,,"Blk 16, Bedok South Road, Singapore 460016",483F3877120EF5AA,2.02103E+13
103.8630214,1.319216998,Bendemeer Road Blk 29 (Bendemeer Market and Food Centre),HUP Standard Upgrading,29,,17/3/1971,Existing,,,,,,,,,,,,33497.85,,http://www.nea.gov.sg/images/default-source/Hawker-Centres-Division/resize_1262226446535.jpg,I,,,31/12/2004,31305.63,Bendemeer Road,330029,,,"Blk 29, Bendemeer Road, Singapore 330029",A7DB5A3E665DE46E,2.02103E+13
103.827358,1.288822102,Beo Crescent Market,HUP Standard Upgrading,38A,,1965,Existing,,,,,,,1733.074,,,,,30136.92,,http://www.nea.gov.sg/images/default-source/Hawker-Centres-Division/resize_1267807628554.jpg,I,,,18/1/2010,27336.64,Beo Crescent,169982,,,"38A, Beo Crescent, Singapore 169982",D232402B6D84FBBE,2.02103E+13
103.856854,1.307336517,Berseh Food Centre,HUP Standard Upgrading,166,,1975,Existing,,,,,,,2568.95,,,,,32184.16,,http://www.nea.gov.sg/images/default-source/Hawker-Centres-Division/resize_1265176120532.jpg,I,,,5/3/2004,30619.27,Jalan Besar,208877,,,"166, Jalan Besar, Singapore 208877",A7CCEB2CA6AC0B4B,2.02103E+13
103.7127998,1.345223163,Boon Lay Place Blk 221A/B (Boon Lay Place Market and Food Village),HUP Reconfiguration,221A/B,,2/1/1976,Existing,,,,,,,,,,,,36373.79,,http://www.nea.gov.sg/images/default-source/Hawker-Centres-Division/resize_1262154766447.jpg,I,,,1/8/2004,14587.57,Boon Lay Place,641221,,,"Blk 221A/B, Boon Lay Place, Singapore 641221/642221",84F8C2B46575585C,2.02103E+13
103.850531,1.306205841,Buffalo Road Blk 665 (Tekka Centre/Zhu Jiao Market),HUP Standard Upgrading,665,,31/10/1980,Existing,,,,,,,,,,,,32059.13,,http://www.nea.gov.sg/images/default-source/Hawker-Centres-Division/resize_1262156313186.jpg,I,,,30/6/2009,29915.58,Buffalo Road,210665,,,"Blk 665, Buffalo Road, Singapore 210665",D09ADF3409AC0894,2.02103E+13
103.8169924,1.283692589,Bukit Merah Central Blk 163 (Bukit Merah Central Food Centre),Opted out of HUP,163,,5/5/1980,Existing,,,,,,,,,,,,29569.73,,http://www.nea.gov.sg/images/default-source/Hawker-Centres-Division/resize_1267851995788.jpg,I,,,,26183.03,Bukit Merah Central,150163,,,"Blk 163, Bukit Merah Central, Singapore 150163",16F0047A45BF34F9,2.02103E+13
103.8044893,1.286297772,Bukit Merah Lane 1 Blk 120 (Alexandra Village Food Centre),HUP Standard Upgrading,120,,14/9/1978,Existing,,,,,,,,,,,,29857.81,,http://www.nea.gov.sg/images/default-source/Hawker-Centres-Division/resize_1267852344747.jpg,I,,,15/11/2010,24791.54,Bukit Merah Lane 1,150120,,,"Blk 120, Bukit Merah Lane, Singapore 150120",98A3C26D48032FF5,2.02103E+13
103.8220494,1.285504783,Bukit Merah View Blk 115 (Blk 115 Bukit Merah View Market and Food Centre),HUP Standard Upgrading,115,,29/3/1973,Existing,,,,,,,,,,,,29770.11,,http://www.nea.gov.sg/images/default-source/Hawker-Centres-Division/resize_1267851251303.jpg,I,,,28/2/2012,26745.83,Bukit Merah View,151115,,,"Blk 115, Bukit Merah View, Singapore 151115",7A2BDBF505C0CC30,2.02103E+13
103.7724896,1.377600535,Bukit Panjang Hawker Centre,New Centre,2,,31/7/2015,Existing (new),,,,,,,4500,,,,,39953.67,,http://www.nea.gov.sg/images/default-source/Hawker-Centres-Division/bukit-panjang-hawker-centre.jpg,,,,,21230.49,Bukit Panjang Ring Road,679947,,,"2 Bukit Panjang Ring Road, Singapore 679947",2FEB0DCC8CCF59D4,2.02103E+13
103.8223992,1.449216606,Bukit Canberra Hawker Centre,New Centre,,,2022,Under Construction,#N/A,,,,,,,,hawker centre/Town Sports and Recreational Centre/Primary Care Centre & Senior Care Centre,,1/5/2018,47872.53,#N/A,,,#N/A,Bukit Canberra,,26784.85,,,,17/5/2018,,DA1BB824290E5BA5,2.02109E+13
103.8489737,1.281595643,Market Street Interim Hawker Centre,Interim Centre,5,,24/5/2017,Existing,,,,,,,1817.18,,,,,29337.86,,http://www.nea.gov.sg/images/default-source/Hawker-Centres-Division/resize_1262225979894.jpg,,,Market Street Interim Hawker Centre,,29742.29,Cross Street,48418,,,"5, Cross Street, Singapore 048148",2120FA820A4A9786,2.02103E+13
103.7772032,1.443881817,Marsiling Lane Blk 20/21,HUP Standard Upgrading,20/21,,15/9/1975,Existing,,,,,,,,,,,,47282.71,,http://www.nea.gov.sg/images/default-source/Hawker-Centres-Division/resize_1262152527264.jpg,I,,,2/3/2009,21755.23,Marsiling Lane,730020,,,"Blk 20/21, Marsiling Lane, Singapore 730020/730021",F48BB5AA1CD92E13,2.02103E+13
103.7797849,1.433538857,Marsiling Mall Hawker Centre,New Replacement Centre,4,,8/11/2017,Existing (new),,,,,,,3661,,hawker centre/supermarket/shops,,4/9/2015,46139.03,,http://www.nea.gov.sg/images/default-source/Hawker-Centres-Division/mmhc.jpg,,,Marsiling Mall,,22042.51,Woodlands Street 12,738623,,1/1/2016,"Blk 4,Woodlands St 12,SingaporeÂ 738623",67D9A36B9A97AE82,2.02103E+13
103.8448279,1.280112235,Maxwell Food Centre (Kim Hua Market),Upgraded prior to HUP,1,,1935,Existing,,,,,,,3365.392,,,,,29173.83,,http://www.nea.gov.sg/images/default-source/Hawker-Centres-Division/resize_1262155734465.jpg,I,,,,29280.89,Kadayanallur Street,69184,,,"1, Kadayanallur Street, Singapore 069184",FE75522D464BE5EA,2.02103E+13
103.8029039,1.293236221,Mei Chin Road Blk 159 (Mei Chin Road Market),HUP Reconfiguration,159,,12/10/1970,Existing,,,,,,,,,,,,30625.03,,http://www.nea.gov.sg/images/default-source/Hawker-Centres-Division/resize_1262154581891.jpg,I,,,8/5/2009,24615.11,Mei Chin Road,140159,,,"Blk 159, Mei Chin Road, Singapore 140159",58C10BCC7F14A9E6,2.02103E+13
103.8425788,1.284991022,New Market Road Blk 32 (People's Park Food Centre),HUP Standard Upgrading,32,,1965,Existing,,,,,,,,,,,,29713.3,,http://www.nea.gov.sg/images/default-source/Hawker-Centres-Division/resize_1265168123284.jpg,I,,,27/12/2005,29030.58,New Market Road,50032,,,"Blk 32, New Market Road, Singapore 050032",431889D30CA6E5AD,2.02103E+13
103.9305605,1.324738845,New Upper Changi Road Blk 208B,New Replacement Centre,208B,,15/11/2014,Existing,,,,,,,,,,,,34108.62,,http://www.nea.gov.sg/images/default-source/Hawker-Centres-Division/bedok-interchange-hawker-centre.jpg,I,,,,38822.05,New Upper Changi Road,462208,,,"Blk 208B, New Upper Changi Road, Singapore 462208",03BAD66511FD945D,2.02103E+13
103.9411324,1.324187828,New Upper Changi Road Blk 58,HUP Standard Upgrading,58,,27/2/1978,Existing,,,,,,,,,,,,34047.74,,http://www.nea.gov.sg/images/default-source/Hawker-Centres-Division/resize_1262153263293.jpg,I,,,16/9/2008,39998.6,New Upper Changi Road,461058,,,"Blk 58, New Upper Changi Road, Singapore 461058",57B99402997CB2CA,2.02103E+13
103.8395627,1.311892357,Newton Food Centre,HUP Standard Upgrading,500,,1971,Existing,,,,,,,3252.75,,,,,32687.91,,http://www.nea.gov.sg/images/default-source/Hawker-Centres-Division/resize_1262155777485.jpg,I,,,12/6/2006,28694.91,Clemenceau Ave North,229495,,,"500, Clemenceau Ave North, Singapore 229495",A3E978497212B9F7,2.02103E+13
103.863891,1.305765378,North Bridge Road Market,HUP Reconfiguration,861,,1973,Existing,,,,,,,3004.63,,,,,32010.44,,http://www.nea.gov.sg/images/default-source/Hawker-Centres-Division/resize_1262155297184.jpg,I,,,17/10/2005,31402.43,North Bridge Road,198783,,,"861, North Bridge Road, Singapore 198783",3B33AC4CEF5F6B1C,2.02103E+13
103.8858332,1.308251563,Old Airport Road Blk 51 (51 Old Airport Road Food Centre and Shopping Mall),HUP Standard Upgrading,51,,17/2/1973,Existing,,,,,,,,,,,,32285.39,,http://www.nea.gov.sg/images/default-source/Hawker-Centres-Division/resize_1262153198645.jpg,I,,,12/6/2007,33844.39,Old Airport Road,390051,,,"Blk 51, Old Airport Road, Singapore 390051",49DC3EB4330D8E97,2.02103E+13
103.9397262,1.353862118,Our Tampines Hub,New Centre,1,,6/8/2016,Existing (new),,,,,,,2241,,hawker centre/ community club  offices/regional library/heritage centre/swimming complex/sports facilities/branch hawker centre/office/national arts council/hometeam ns clubhouse/family medical centre/senior care centre,,7/5/2014,37328.97,,http://www.nea.gov.sg/images/default-source/Hawker-Centres-Division/our-tampines-hub.jpg,,,Our Tampines Hub,,39841.96,Tampines Walk,528523,,1/8/2013,"1 Tampines Walk, Singapore 528523",17E2D59BE03D01F0,2.02103E+13
103.7914027,1.275907525,Pasir Panjang Food Centre,HUP Standard Upgrading,121,,1978,Existing,,,,,,,1115.71,,,,,28708.93,,http://www.nea.gov.sg/images/default-source/Hawker-Centres-Division/resize_1262155813373.jpg,I,,,20/5/2002,23335.09,Pasir Panjang Road,118543,,,"121, Pasir Panjang Road, Singapore 118543",311FCFFE66B6917D,2.02103E+13
103.951543,1.37343414,Pasir Ris Central Hawker Centre,New Centre,110,,16/10/2017,Existing (new),,,,,,,4771,,,,15/7/2015,39493.21,,http://www.nea.gov.sg/images/default-source/Hawker-Centres-Division/pasir-ris-central-hawker-centre.jpg,,,Pasir Ris Central Hawker Centre,,41156.94,Pasir Ris Central,519641,,29/7/2015,"Blk 110, Pasir Ris Central, Singapore 519641",0EC198F965C801F8,2.02103E+13
103.8542116,1.301001465,Queen Street Blk 270 (Albert Centre),HUP Standard Upgrading,270,,7/8/1978,Existing,,,,,,,,,,,,31483.66,,http://www.nea.gov.sg/images/default-source/Hawker-Centres-Division/resize_1267850253199.jpg,I,,,26/11/2009,30325.21,Queen Street,180270,,,"Blk 270, Queen Street, Singapore 180270",0906CEDC0663C53A,2.02103E+13
103.814165,1.324134223,Adam Road Food Centre,HUP Standard Upgrading,2,,1974,Existing,,,,,,,941.5,,,,,34041.56,,http://www.nea.gov.sg/images/default-source/Hawker-Centres-Division/resize_1267437914368.jpg,I,,,30/4/2002,25868.4,Adam Road,289876,,,"2, Adam Road, Singapore 289876",EC26BEAC6FC68D04,2.02103E+13
103.887019,1.320648292,Aljunied Ave 2 Blk 117 (Blk 117 Aljunied Market and Food Centre),HUP Standard Upgrading,117,,15/9/1978,Existing,,,,,,,,,,,,33656.16,,http://www.nea.gov.sg/images/default-source/Hawker-Centres-Division/resize_1262154437879.jpg,I,,,30/11/2005,33976.33,Aljunied Ave 2,380117,,,"Blk 117, Aljunied Ave 2, Singapore 380117",AA7744C0BF961D25,2.02103E+13
103.8466068,1.279218443,Amoy Street Food Centre (Telok Ayer Food Centre),HUP Standard Upgrading,,,1983,Existing,,,,,,,3539,,,,,29075,,http://www.nea.gov.sg/images/default-source/Hawker-Centres-Division/resize_1265968760190.jpg,I,,National Development Building,17/2/2003,29478.87,Telok Ayer Street,69111,,,"National Development Building, Annex B, Telok Ayer Street, Singapore 069111",81106E0569F14101,2.02103E+13
103.8392313,1.366787645,Ang Mo Kio Ave 1 Blk 226D (Kebun Baru Market and Food Centre),HUP Standard Upgrading,226D,,13/10/1976,Existing,,,,,,,,,,,,38757.95,,http://www.nea.gov.sg/images/default-source/Hawker-Centres-Division/resize_1262154827180.jpg,I,,,20/1/2010,28658.02,Ang Mo Kio Ave 1,564226,,,"Blk 226D, Ang Mo Kio Ave 1, Singapore 564226",0177924BDD93F6F1,2.02103E+13
103.8482542,1.364105171,Ang Mo Kio Ave 1 Blk 341 (Teck Ghee Court),HUP Rebuilding,341,,1979,Existing,,,,,,,,,,,,38461.34,,http://www.nea.gov.sg/images/default-source/Hawker-Centres-Division/resize_1275538105392.jpg,I,,,1/3/2002,29662.16,Ang Mo Kio Ave 1,560341,,,"Blk 341, Ang Mo Kio Ave 1, Singapore 560341",07D7927BB122EA19,2.02103E+13
103.8553698,1.362768918,Ang Mo Kio Ave 10 Blk 409 (Teck Ghee Square),HUP Standard Upgrading,409,,31/7/1979,Existing,,,,,,,,,,,,38313.59,,http://www.nea.gov.sg/images/default-source/Hawker-Centres-Division/resize_1275538704472.jpg,I,,,28/11/2011,30454.04,Ang Mo Kio Ave 10,560409,,,"Blk 409, Ang Mo Kio Ave 10, Singapore 560409",6728AD9466975650,2.02103E+13
103.8563514,1.368240493,Ang Mo Kio Ave 10 Blk 453A (Chong Boon Market and Food Centre),HUP Standard Upgrading,453A,,11/4/1979,Existing,,,,,,,,,,,,38918.61,,http://www.nea.gov.sg/images/default-source/Hawker-Centres-Division/resize_1259902043777.jpg,I,,,1/1/2002,30563.28,Ang Mo Kio Ave 10,561453,,,"Blk 453A, Ang Mo Kio Ave 10, Singapore 561453",D0070B6740BA2459,2.02103E+13
103.8544828,1.372769928,Ang Mo Kio Ave 10 Blk 527 (Cheng San Market and Cooked Food Centre),HUP Reconfiguration,527,,24/12/1979,Existing,,,,,,,,,,,,39419.45,,http://www.nea.gov.sg/images/default-source/Hawker-Centres-Division/resize_1265165592824.jpg,I,,,21/2/2004,30355.32,Ang Mo Kio Ave 10,560527,,,"Blk 527, Ang Mo Kio Ave 10, Singapore 560527",4658734009F689AC,2.02103E+13
103.8392143,1.374489121,Ang Mo Kio Ave 4 Blk 160/162 (Mayflower Market),HUP Standard Upgrading,160/162,,30/6/1981,Existing,,,,,,,,,,,,39609.54,,http://www.nea.gov.sg/images/default-source/Hawker-Centres-Division/resize_1265165416622.jpg,I,,,31/12/2008,28656.12,Ang Mo Kio Ave 4,560160,,,"Blk 160/162, Ang Mo Kio Ave 4, Singapore 560160/560162",546287EB6E4D82D7,2.02103E+13
103.8406823,1.381024867,Ang Mo Kio Ave 4 Blk 628 (Ang Mo Kio 628 Market),HUP Rebuilding,628,,31/12/1979,Existing,,,,,,,,,,,,40332.23,,http://www.nea.gov.sg/images/default-source/Hawker-Centres-Division/blk-628-ang-mo-kio-ave-4.jpg,I,,,16/12/2009,28819.49,Ang Mo Kio Ave 4,560628,,,"Blk 628, Ang Mo Kio Ave 4, Singapore 560628",CE6A36B469B2B914,2.02103E+13
103.8465192,1.372197433,Ang Mo Kio Ave 6 Blk 724 (Blk 724 Ang Mo Kio Market),HUP Reconfiguration,724,,31/1/1980,Existing,,,,,,,,,,,,39356.14,,http://www.nea.gov.sg/images/default-source/Hawker-Centres-Division/resize_1262155216756.jpg,I,,,2/1/2008,29469.07,Ang Mo Kio Ave 6,560724,,,"Blk 724, Ang Mo Kio Ave 6, Singapore 560724",8285869DC2133C35,2.02103E+13
103.8399532,1.367230149,Ang Mo Kio Street 22 Blk 226H (Kebun Baru Food Centre),HUP Reconfiguration,226H,,30/9/1976,Existing,,,,,,,,,,,,38806.88,,http://www.nea.gov.sg/images/default-source/Hawker-Centres-Division/resize_1259901689557.jpg,I,,,13/12/2003,28738.35,Ang Mo Kio Street 22,568226,,,"Blk 226H, Ang Mo Kio Street 22, Singapore 568226",69908CB7FA26111C,2.02103E+13
103.9554742,1.320356008,Bedok Food Centre,HUP Rebuilding,1,,1971,Existing,,,,,,,1081.18,,,,,33624.11,,http://www.nea.gov.sg/images/default-source/Hawker-Centres-Division/resize_1265176030572.jpg,I,,,6/2/2005,41594.72,Bedok Road,469572,,,"1, Bedok Road, Singapore 469572",5074BAFF0FF40404,2.02103E+13
103.9332215,1.327062409,Bedok North Street 1 Blk 216,HUP Standard Upgrading,216,,21/8/1979,Existing,,,,,,,,,,,,34365.56,,http://www.nea.gov.sg/images/default-source/Hawker-Centres-Division/resize_1262154705733.jpg,I,,,15/12/2008,39118.19,Bedok North Street 1,460216,,,"Blk 216, Bedok North Street 1, Singapore 460216",B8E4DB8C5DC40E07,2.02103E+13
103.9306021,1.333246279,Bedok North Street 3 Blk 511 (Kaki Bukit 511 Market and Food Centre),HUP Standard Upgrading,511,,16/3/1979,Existing,,,,,,,,,,,,35049.33,,http://www.nea.gov.sg/images/default-source/Hawker-Centres-Division/resize_1265166047112.jpg,I,,,1/7/2004,38826.65,Bedok North Street 3,460511,,,"Blk 511, Bedok North Street 3, Singapore 460511",29D02D34F4826475,2.02103E+13
103.9248442,1.331781251,Bedok North Street 3 Blk 538,HUP Standard Upgrading,538,,30/4/1979,Existing,,,,,,,,,,,,34887.31,,http://www.nea.gov.sg/images/default-source/Hawker-Centres-Division/resize_1262227194623.jpg,I,,,3/12/2010,38185.86,Bedok North Street 3,460538,,,"Blk 538, Bedok North Street 3, Singapore 460538",F1A5DD5A88C6320D,2.02103E+13
103.8184026,1.287858103,Redhill Lane Blk 79 (Redhill Market),HUP Reconfiguration,79,,1/1/1969,Existing,,,,,,,,,,,,30030.33,,http://www.nea.gov.sg/images/default-source/Hawker-Centres-Division/resize_1262153664347.jpg,I,,,28/6/2005,26339.98,Redhill Lane,150079,,,"Blk 79, Redhill Lane, Singapore 150079",ECAC58C7830DA23E,2.02103E+13
103.775995,1.339375964,Bukit Timah Market,HUP Standard Upgrading,51,,1975,Existing,,,,,,,3310.64,,,,,35726.98,,http://www.nea.gov.sg/images/default-source/Hawker-Centres-Division/resize_1265176195262.jpg,I,,,2/1/2003,21620.5,Upper Bukit Timah Road,588215,,,"51, Upper Bukit Timah Road, Singapore 588215",FD4DDC8C44684285,2.02103E+13
103.8502251,1.316159914,Cambridge Road Blk 41A (Pek Kio Market and Food Centre),HUP Reconfiguration,41A,,18/12/1981,Existing,,,,,,,,,,,,33159.8,,http://www.nea.gov.sg/images/default-source/Hawker-Centres-Division/resize_1265166819326.jpg,I,,,7/3/2003,29881.53,Cambridge Road,211041,,,"Blk 41A, Cambridge Road, Singapore 211041",FBD170F330300185,2.02103E+13
103.9882457,1.389151721,Changi Village Blk 2 and 3,HUP Standard Upgrading,2&3,,12/11/1975,Existing,,,,,,,,,,,,41231.42,,http://www.nea.gov.sg/images/default-source/Hawker-Centres-Division/resize_1267846802175.jpg,I,,,28/12/2012,45241.4,Changi Village Road,500002,,,"Blk 2/3, Changi Village Road, Singapore 500002/500003",DC5973E8261726EB,2.02103E+13
103.8665361,1.364228523,Chomp Chomp Food Centre,HUP Standard Upgrading,20,,1972,Existing,,,,,,,613.55,,,,,38475,,http://www.nea.gov.sg/images/default-source/Hawker-Centres-Division/resize_1262155330191.jpg,I,,,31/3/2004,31696.72,Kensington Park Road,557269,,,"20, Kensington Park Road, Singapore 557269",FD83AAB03A20C9C8,2.02103E+13
103.882978,1.375428967,Ci Yuan Hawker Centre,New Centre,51,,2/7/2015,Existing (new),,,,,,,2047.29,,hawker centre/community club/family medicine clinic/senior care centre,,,39713.52,,http://www.nea.gov.sg/images/default-source/Hawker-Centres-Division/ci-yuan-hawker-centre.jpg,,,,,33526.48,Hougang Avenue 9,538776,,,"51 Hougang Avenue 9, Singapore 538776",2AA90E9CB7222D3A,2.02103E+13
103.8850435,1.326449922,Circuit Road Blk 79/79A,HUP Standard Upgrading,79/79A,,31/3/1971,Existing,,,,,,,,,,,,34297.67,,http://www.nea.gov.sg/images/default-source/Hawker-Centres-Division/resize_1280824598.jpg,I,,,11/5/2010,33756.46,Circuit Road,370079,,,"Blk 79/79A, Circuit Road, Singapore 370079/371079",B1F15E00618BA3B5,2.02103E+13
103.8871285,1.327849561,Circuit Road Blk 80 (80 Circuit Road Market and Food Centre),HUP Reconfiguration,80,,1/9/1967,Existing,,,,,,,,,,,,34452.44,,http://www.nea.gov.sg/images/default-source/Hawker-Centres-Division/resize_1262153912521.jpg,I,,,22/2/2003,33988.5,Circuit Road,370080,,,"Blk 80, Circuit Road, Singapore 370080",3BE7F742E98EBFE9,2.02103E+13
103.8854492,1.323445253,Circuit Road Blk 89,HUP Standard Upgrading,89,,1/9/1967,Existing,,,,,,,,,,,,33965.43,,http://www.nea.gov.sg/images/default-source/Hawker-Centres-Division/resize_1262154127554.jpg,I,,,8/4/2009,33801.62,Circuit Road,370089,,,"Blk 89, Circuit Road, Singapore 370089",4EDE2CCE3A356895,2.02103E+13
103.7708367,1.314367728,Clementi Ave 2 Blk 353 (Clementi Ave 2 Market/Cooked Food Centre),HUP Standard Upgrading,353,,26/1/1978,Existing,,,,,,,,,,,,32961.71,,http://www.nea.gov.sg/images/default-source/Hawker-Centres-Division/resize_1267847852167.jpg,I,,,25/10/2012,21046.37,Clementi Ave 2,120353,,,"Blk 353, Clementi Ave 2, Singapore 120353",42176A301ABBD91A,2.02103E+13
103.7645105,1.31326487,Clementi Ave 3 Blk 448,HUP Standard Upgrading,448,,12/1/1980,Existing,,,,,,,,,,,,32839.78,,http://www.nea.gov.sg/images/default-source/Hawker-Centres-Division/resize_1267848308255.jpg,I,,,29/10/2010,20342.32,Clementi Ave 3,120448,,,"Blk 448, Clementi Ave 3, Singapore 120448",FDAC6B2723D97329,2.02103E+13
103.7642644,1.303781973,Clementi West Street 2 Blk 726,HUP Standard Upgrading,726,,29/11/1980,Existing,,,,,,,,,,,,31791.21,,http://www.nea.gov.sg/images/default-source/Hawker-Centres-Division/resize_1262155262246.jpg,I,,,26/11/2009,20314.9,Clementi West Street 2,120726,,,"Blk 726, Clementi West Street 2, Singapore 120726",3B5F054B978C6724,2.02103E+13
103.8003628,1.306892276,Commonwealth Crescent Market,HUP Rebuilding,31,,1965,Existing,,,,,,,3040.58,,,,,32135.05,,http://www.nea.gov.sg/images/default-source/Hawker-Centres-Division/resize_1265167388780.jpg,I,,,18/8/2004,24332.33,Commonwealth Crescent,149644,,,"31, Commonwealth Crescent, Singapore 149644",35C408FD964DAE7E,2.02103E+13
103.7978755,1.299713305,Commonwealth Drive Blk 1A/2A/3A (Tanglin Halt Food Centre/Commonwealth Drive Food Centre),HUP Standard Upgrading,1A/2A/3A,,16/11/1981,Existing,,,,,,,,,,,,31341.24,,http://www.nea.gov.sg/images/default-source/Hawker-Centres-Division/commonwealth.jpg,I,,,15/1/2010,24055.5,Commonwealth Drive,141001,,,"Blk 1A/ 2A/ 3A, Commonwealth Drive, Singapore 140001/140002/140003",B823DC77E8881910,2.02103E+13
103.9018251,1.309414187,Dunman Food Centre,HUP Standard Upgrading,271,,1974,Existing,,,,,,,984,,,,,32413.99,,http://www.nea.gov.sg/images/default-source/Hawker-Centres-Division/resize_1262155459807.jpg,I,,,3/12/2002,35624.14,Onan Road,424768,,,"271, Onan Road, Singapore 424768",5924E48967AD2F1B,2.02103E+13
103.9350167,1.306684318,East Coast Lagoon Food Village,HUP Rebuilding,1220,,1978,Existing,,,,,,,3600.16,,,,,32112.26,,http://www.nea.gov.sg/images/default-source/Hawker-Centres-Division/resize_1262155504536.jpg,I,,,10/12/2003,39318.07,East Coast Parkway,468960,,,"1220, East Coast Parkway, Singapore 468960",1D6E51B459D243DC,2.02103E+13
103.8056364,1.316245731,Empress Road Blk 7 (Empress Road Market and Food Centre),HUP Standard Upgrading,7,,26/3/1976,Existing,,,,,,,,,,,,33169.3,,http://www.nea.gov.sg/images/default-source/Hawker-Centres-Division/resize_1262152572393.jpg,I,,,2/12/2008,24919.24,Empress Road,260007,,,"Blk 7, Empress Road, Singapore 260007",2DAAEFC79D87F782,2.02103E+13
103.9042609,1.320331782,Eunos Crescent Blk 4A,HUP Standard Upgrading,4A,,7/7/2000,Existing,,,,,,,,,,,,33621.21,,http://www.nea.gov.sg/images/default-source/Hawker-Centres-Division/resize_1267873497497.jpg,I,,,30/3/2012,35895.18,Eunos Crescent,402004,,,"Blk 4A, Eunos Crescent, Singapore 402004",E0DC5CBB9268718E,2.02103E+13
103.8700044,1.32146226,Geylang Bahru Blk 69 (Blk 69 Geylang Bahru Market and Food Centre),Opted out of HUP,69,,16/1/1974,Existing,,,,,,,,,,,,33746.13,,http://www.nea.gov.sg/images/default-source/Hawker-Centres-Division/blk-69-geylang-bahru.jpg,I,,,,32082.77,Geylang Bahru,330069,,,"Blk 69, Geylang Bahru, Singapore 330069",1CDA71371CC2DA75,2.02103E+13
103.8982243,1.316728148,Geylang Serai Market,HUP Rebuilding,,,3/7/2009,Existing,,,,,,,11534.9,,,,,33222.72,,http://www.nea.gov.sg/images/default-source/Hawker-Centres-Division/resize_1262155542468.jpg,I,,,3/7/2009,35223.38,Geylang Serai,402001,,,"1, Geylang Serai, Singapore 402001",A247BF61FBD3E2E3,2.02103E+13
103.7882307,1.310996273,Ghim Moh Road Blk 20,Opted out of HUP,20,,24/1/1977,Existing,,,,,,,,,,,,32588.87,,http://www.nea.gov.sg/images/default-source/Hawker-Centres-Division/resize_1267848628803.jpg,I,,,,22982.14,Ghim Moh Road,270020,,,"Blk 20, Ghim Moh Road, Singapore 270020",8A5C1B47E9725C03,2.02103E+13
103.8638832,1.302875481,Golden Mile Food Centre,HUP Standard Upgrading,505,,1975,Existing,,,,,,,6249.229,,,,,31690.89,,http://www.nea.gov.sg/images/default-source/Hawker-Centres-Division/resize_1262155571228.jpg,I,,,4/7/2002,31401.57,Beach Road,199583,,,"505, Beach Road, Singapore 199583",68D2109268BB12D3,2.02103E+13
103.8956095,1.315142051,Haig Road Blk 13/14 (Haig Road Market and Cooked Food Centre),HUP Reconfiguration,13/14,,30/7/1977,Existing,,,,,,,,,,,,33047.33,,http://www.nea.gov.sg/images/default-source/Hawker-Centres-Division/resize_1267848993155.jpg,I,,,4/8/2010,34932.38,Haig Road,430013,,,"Blk 13/14, Haig Road, Singapore 430013/430014",110148A54339D2AF,2.02103E+13
103.8296268,1.28797544,Havelock Road Blk 22A/B (Havelock Road Cooked Food Centre),HUP Standard Upgrading,22A/B,,16/11/1969,Existing,,,,,,,,,,,,30043.3,,http://www.nea.gov.sg/images/default-source/Hawker-Centres-Division/resize_1262152823428.jpg,I,,,27/4/2007,27589.14,Havelock Road,161022,,,"Blk 22A/B, Havelock Road, Singapore 161022/162022",1CFBA3CBF816CC4F,2.02103E+13
103.7927738,1.308117759,Holland Drive Blk 44 (Holland Drive Market and Food Centre),HUP Standard Upgrading,44,,31/1/1999,Existing,,,,,,,,,,,,32270.57,,http://www.nea.gov.sg/images/default-source/Hawker-Centres-Division/resize_1267849222112.jpg,I,,,31/3/2014,23487.74,Holland Drive,270044,,,"Blk 44, Holland Drive, Singapore 270044",A15ED2B9E5ED3A17,2.02103E+13
103.7948629,1.310908028,Holland Village Market and Food Centre,HUP Rebuilding,1,,Pre-War,Existing,,,,,,,1512.38,,,,,32579.1,,http://www.nea.gov.sg/images/default-source/Hawker-Centres-Division/resize_1267415509849.jpg,I,,,12/12/2005,23720.25,Lorong Mambong,277700,,,"1, Lorong Mambong, Singapore 277700",69A5ED12F17FF1A2,2.02103E+13
103.8900811,1.353837391,Hougang Ave 1 Blk 105 (Hougang 105 Hainanese Village Centre),HUP Rebuilding,105,,30/6/1982,Existing,,,,,,,,,,,,37326.05,,http://www.nea.gov.sg/images/default-source/Hawker-Centres-Division/resize_1259901634108.jpg,I,,,11/11/2005,34317.02,Hougang Ave 1,530105,,,"Blk 105, Hougang Ave 1, Singapore 530105",47665F14287E07ED,2.02103E+13
103.8859776,1.359119422,Hougang Street 21 Blk 209 (Kovan Hougang Market and Food Centre),HUP Standard Upgrading,209,,30/9/1983,Existing,,,,,,,,,,,,37910.1,,http://www.nea.gov.sg/images/default-source/Hawker-Centres-Division/resize_1267849628846.jpg,I,,,24/1/2011,33860.34,Hougang Street 21,530209,,,"Blk 209, Hougang Street 21, Singapore 530209",5F6AEDB798290159,2.02103E+13
103.8839406,1.302418814,Jalan Batu Blk 4A (Blk 4A Jalan Batu Hawker Centre/Market),HUP Standard Upgrading,4A,,3/1/1969,Existing,,,,,,,,,,,,31640.43,,http://www.nea.gov.sg/images/default-source/Hawker-Centres-Division/resize_1267874223880.jpg,I,,,16/2/2012,33633.77,Jalan Batu,432004,,,"Blk 4A, Jalan Batu, Singapore 432004",551478E060A1C8F0,2.02103E+13
103.8260133,1.280004812,Jalan Bukit Merah Blk 112 (Blk 112 Jalan Bukit Merah Market and Food Centre),HUP Standard Upgrading,112,,1/1/1969,Existing,,,,,,,,,,,,29161.95,,http://www.nea.gov.sg/images/default-source/Hawker-Centres-Division/resize_1267874698833.jpg,I,,,28/11/2013,27186.98,Jalan Bukit Merah,160112,,,"Blk 112, Jalan Bukit Merah, Singapore 160112",F6CA40B9C5AB229D,2.02103E+13
103.808128,1.286952752,Jalan Bukit Merah Blk 6 (ABC Brickworks Market/Food Centre),HUP Reconfiguration,6,,11/10/1974,Existing,,,,,,,,,,,,29930.23,,http://www.nea.gov.sg/images/default-source/Hawker-Centres-Division/resize_1267760203.jpg,I,,,11/8/2006,25196.5,Jalan Bukit Merah,150006,,,"Blk 6, Jalan Bukit Merah, Singapore 150006",D9BD256FB27FC06C,2.02103E+13
103.8399459,1.288230555,Jalan Kukoh Blk 1 (Kukoh 21 Food Centre),HUP Standard Upgrading,1,,21/1/1969,Existing,,,,,,,,,,,,30071.51,,http://www.nea.gov.sg/images/default-source/Hawker-Centres-Division/resize_1267874440744.jpg,I,,,4/10/2010,28737.57,Jalan Kukoh,161001,,,"Blk 1, Jalan Kukoh, Singapore 161001",8943084A1D332148,2.02103E+13
103.7315797,1.34531247,Jurong East Ave 1 Blk 347 (Yuhua Market and Hawker Centre),HUP Standard Upgrading,347,,17/10/1984,Existing,,,,,,,,,,,,36383.57,,http://www.nea.gov.sg/images/default-source/Hawker-Centres-Division/resize_1275537901886.jpg,I,,,31/12/2002,16677.58,Jurong East Ave 1,600347,,,"Blk 347, Jurong East Ave 1, Singapore 600347",6C864243CCBEA1C0,2.02103E+13
103.7377812,1.343442138,Jurong East Street 24 Blk 254 (Yuhua Village Market and Food Centre),HUP Reconfiguration,254,,30/4/1983,Existing,,,,,,,,,,,,36176.73,,http://www.nea.gov.sg/images/default-source/Hawker-Centres-Division/resize_1265167615307.jpg,I,,,5/7/2006,17367.73,Jurong East Street 24,600254,,,"Blk 254, Jurong East Street 24, Singapore 600254",037A6F1E0D6FBE79,2.02103E+13
103.6974043,1.341259706,Jurong West Hawker Centre,New Centre,50,,28/7/2017,Under Construction,,,,,,,2987,,,,23/9/2015,35935.62,,http://www.nea.gov.sg/images/default-source/Hawker-Centres-Division/jurong-west-hawker-centre.jpg,,,Jurong West Hawker Centre,,12874.19,Jurong West Street 61,648202,,15/10/2015,"Blk 50, Jurong West St 61, Singapore 648202",A85BCE9D8344CCD9,2.02103E+13
103.7184475,1.349642243,Jurong West Street 52 Blk 505,HUP Standard Upgrading,505,,16/1/1985,Existing,,,,,,,,,,,,36862.4,,http://www.nea.gov.sg/images/default-source/Hawker-Centres-Division/resize_1262155040710.jpg,I,,,2/1/2009,15216.13,Jurong West Street 52,640505,,,"Blk 505, Jurong West Street 52, Singapore 640505",0AE38DCCD1264CB7,2.02103E+13
103.8841302,1.30739616,Kallang Estate Fresh Market and Food Centre,HUP Standard Upgrading,17,,1959,Existing,,,,,,,2629.19,,,,,32190.8,,http://www.nea.gov.sg/images/default-source/Hawker-Centres-Division/resize_1262155698415.jpg,I,,,31/10/2003,33654.86,Old Airport Road,397972,,,"17, Old Airport Road, Singapore 397972",2F0C253383E628A3,2.02103E+13
103.8006964,1.439932832,Kampung Admiralty Hawker Centre,New Centre,676,,8/5/2017,Existing (new),,,,,,,3440,,studio apartments/supermarket/shops/specialist centre/senior care centre/child care centre/senior activity centre,,17/10/2014,46846,,http://www.nea.gov.sg/images/default-source/Hawker-Centres-Division/kampung-admiralty-hawker-centre.jpg,,,Kampung Admiralty,,24369.66,Woodlands Drive 71,730676,,1/4/2014,"Blk 676, Woodlands Drive 71, Singapore 730676",8E56FA1F3FFB53FC,2.02103E+13
103.9063385,1.302285138,Marine Parade Central Blk 84 (84 Marine Parade Central Market and Food Centre),Opted out of HUP,84,,23/8/1976,Existing,,,,,,,,,,,,31625.71,,http://www.nea.gov.sg/images/default-source/Hawker-Centres-Division/resize_1267875360164.jpg,I,,,,36126.46,Marine Parade Central,440084,,,"Blk 84, Marine Parade Central, Singapore 440084",069C7A0A2A7BDE00,2.02103E+13
103.915762,1.305775148,Marine Terrace Blk 50A (50A Marine Terrace),HUP Standard Upgrading,50A,,3/3/1975,Existing,,,,,,,,,,,,32011.65,,http://www.nea.gov.sg/images/default-source/Hawker-Centres-Division/resize_1262153165514.jpg,I,,,22/12/2008,37175.19,Marine Terrace,441050,,,"Blk 50A, Marine Terrace, Singapore 441050",6834B49032645709,2.02103E+13
